Actual Quantity (Promo-level),ActualAvgPrice (Promo-level),Avg_UnitsUplift (Promo-level),Avg_Value_sales (Promo-level),AvgBLProfit-System (Promo-level),AvgInvestment-System (Promo-level),BLAvgPrice (Promo-level),BLRev (Promo-level),Brand View Product Name,Date,FinalBLQnty (Promo-level),FINALPROMOID,FINALPROMOSUFFIX,FINALPROMOTYPE,IncProfit-System (Promo-level),Investment-System (Promo-level),Lift (Promo-level),Max_Date,Producer,Product,PromoLength,PromoLift(%) (Promo-level),ROI%System (Promo-level),Sub-category,Sub-channel,system margin,Unit volume2 (Promo-level)2,UnitsUplift (Promo-level),Value_Sales (Promo-level),year,vol*ROI,Promo_Flg
28.09,6.57147,-13.08,184.59,3.94288,0.29155,6.86302,282.51,2075,2/26/12,41.16,12789,1,Type 1 Promo,-59.74,8.19,-31.76,2012-02-26,Company III,20,1,-31.76,-729.52,Category 2,Sub-channel B,60%,9,-13.08,184.59,2012,"-20,491.80",0
28.09,6.57147,-13.08,184.59,4.9286,0.29155,6.86302,282.51,2075,2/26/12,41.16,12789,1,Type 1 Promo,-72.63,8.19,-31.76,2012-02-26,Company III,20,1,-31.76,-886.9,Category 2,Sub-channel B,75%,9,-13.08,184.59,2012,"-24,912.52",0
1.04,6.69,-2.06,6.96,4.014,5.3,11.99,37.24,2095,2/26/12,3.11,30486,1,Type 1 Promo,-13.8,5.52,-66.49,2012-02-26,Company III,20,1,-66.49,-250.24,Category 1,Sub-channel C,60%,4,-2.06,6.96,2012,-260.46,0
2.01,7.68507,0,15.48,4.61104,0.49114,8.17621,16.5,1675,2/26/12,2.02,25734,1,Type 1 Promo,-1.01,0.99,-0.18,2012-02-26,Company III,22,1,-0.18,-101.68,Category 1,Sub-channel C,60%,4,0,15.48,2012,-204.8,1
1.02,6.99,0.02,7.15,4.194,1,7.99,8.01,1711,2/26/12,1,26014,1,Type 1 Promo,-0.94,1.02,2.09,2012-02-26,Company III,22,1,2.09,-91.42,Category 1,Sub-channel C,60%,4,0.02,7.15,2012,-93.54,1
111.75,7.72197,43.11,862.92,4.63318,1.28717,9.00914,618.36,1581,2/26/12,68.64,42104,1,Type 1 Promo,55.9,143.84,62.81,2012-02-26,Company III,20,1,62.81,38.87,Category 1,Sub-channel D,60%,4,43.11,862.92,2012,"4,343.20",1
1,8.05,-0.03,8.06,4.83,1.44,9.49,9.8,1583,2/26/12,1.03,42130,1,Type 1 Promo,-1.59,1.44,-2.99,2012-02-26,Company III,20,1,-2.99,-110.36,Category 1,Sub-channel D,60%,4,-0.03,8.06,2012,-110.5,0
9.02,17.81206,3.02,160.62,10.68724,0.90867,18.72073,112.32,1597,2/26/12,6,42303,1,Type 1 Promo,24.06,8.19,50.29,2012-02-26,Company III,20,1,50.29,293.58,Category 1,Sub-channel D,60%,4,3.02,160.62,2012,"2,647.42",1
23.05,11.54894,5.95,266.24,6.92937,2.12776,13.6767,233.85,1598,2/26/12,17.1,42313,1,Type 1 Promo,-7.79,49.05,34.82,2012-02-26,Company III,20,1,34.82,-15.88,Category 1,Sub-channel D,60%,4,5.95,266.24,2012,-366.18,0
28,6.31607,18,176.85,3.78964,1.29093,7.607,76.07,2003,2/26/12,10,46379,1,Type 1 Promo,32.07,36.15,180,2012-02-26,Company III,20,1,180,88.72,Category 1,Sub-channel D,60%,4,18,176.85,2012,"2,484.07",0
5.11,6.80809,3.07,34.81,4.08485,1.5089,8.31699,17.01,2054,2/26/12,2.05,46971,1,Type 1 Promo,4.82,7.72,150.01,2012-02-26,Company III,20,1,150.01,62.44,Category 1,Sub-channel D,60%,4,3.07,34.81,2012,319.28,0
13.8,6.28294,9.3,86.7,3.76976,0.26223,6.54517,29.42,2090,2/26/12,4.49,47221,1,Type 1 Promo,31.46,3.62,207.03,2012-02-26,Company III,20,1,207.03,869.35,Category 1,Sub-channel D,60%,4,9.3,86.7,2012,"11,996.02",1
6,5.64667,3.95,33.88,3.388,1.41505,7.06172,14.45,2092,2/26/12,2.05,47241,1,Type 1 Promo,4.91,8.49,193.32,2012-02-26,Company III,20,1,193.32,57.8,Category 1,Sub-channel D,60%,4,3.95,33.88,2012,346.79,0
4,7.43809,1,29.75,4.46286,6.6056,14.04369,42.13,2095,2/26/12,3,47264,1,Type 1 Promo,-21.96,26.42,33.33,2012-02-26,Company III,20,1,33.33,-83.11,Category 1,Sub-channel D,60%,4,1,29.75,2012,-332.44,1
5.03,2,2.99,10.06,1.2,6.90909,8.90909,18.13,2097,2/26/12,2.04,47281,1,Type 1 Promo,-31.15,34.75,147.08,2012-02-26,Company III,20,1,147.08,-89.66,Category 1,Sub-channel D,60%,4,2.99,10.06,2012,-450.9,0
9.07,3.30679,5.07,30,1.98407,0.44368,3.75047,15.03,2103,2/26/12,4.01,47318,1,Type 1 Promo,6.03,4.03,126.42,2012-02-26,Company III,20,1,126.42,149.68,Category 1,Sub-channel D,60%,4,5.07,30,2012,"1,358.14",0
21.03,3.7217,15.03,78.26,2.23302,0.2783,4,24,2107,2/26/12,6,47350,1,Type 1 Promo,27.71,5.85,250.48,2012-02-26,Company III,20,1,250.48,473.45,Category 1,Sub-channel D,60%,4,15.03,78.26,2012,"9,956.07",0
38.08,4.16388,6.08,158.55,2.49833,1.79425,5.95813,190.67,2137,2/26/12,32,47385,1,Type 1 Promo,-53.14,68.32,18.99,2012-02-26,Company III,20,1,18.99,-77.78,Category 1,Sub-channel D,60%,4,6.08,158.55,2012,"-2,961.68",1
190.31,4.51412,106.26,859.06,2.70847,1.27253,5.78665,486.33,2142,2/26/12,84.04,47441,1,Type 1 Promo,45.64,242.17,126.44,2012-02-26,Company III,20,1,126.44,18.85,Category 1,Sub-channel D,60%,4,106.26,859.06,2012,"3,586.52",1
37.02,5.41859,14.02,200.57,3.25115,0.64315,6.06174,139.42,2151,2/26/12,23,47499,1,Type 1 Promo,21.76,23.81,60.94,2012-02-26,Company III,20,1,60.94,91.4,Category 1,Sub-channel D,60%,4,14.02,200.57,2012,"3,383.35",0
80.21,5.1932,-12.81,416.55,3.11592,0.90173,6.09492,566.93,2156,2/26/12,93.02,47576,1,Type 1 Promo,-112.23,72.33,-13.77,2012-02-26,Company III,20,1,-13.77,-155.17,Category 1,Sub-channel D,60%,4,-12.81,416.55,2012,"-12,446.24",1
4,25.67959,2.97,102.72,15.40776,66.55996,92.23955,95.46,1678,2/26/12,1.03,42828,1,Type 1 Promo,-220.56,266.25,286.5,2012-02-26,Company III,22,1,286.5,-82.84,Category 1,Sub-channel D,60%,4,2.97,102.72,2012,-331.37,1
27,8.17111,-6,220.62,4.90267,0.22131,8.39242,276.95,1820,2/26/12,33,44176,1,Type 1 Promo,-35.39,5.98,-18.18,2012-02-26,Company III,23,1,-18.18,-592.28,Category 1,Sub-channel D,60%,4,-6,220.62,2012,"-15,991.57",1
4,8.24,0,32.96,4.944,0.75,8.99,35.96,2175,2/26/12,4,47812,1,Type 1 Promo,-3,3,0,2012-02-26,Company III,25,1,0,-100,Category 1,Sub-channel D,60%,4,0,32.96,2012,-400,0
6,8.41667,3,50.5,5.05,0.24333,8.66,25.98,2180,2/26/12,3,47858,1,Type 1 Promo,13.69,1.46,100,2012-02-26,Company III,25,1,100,937.67,Category 1,Sub-channel D,60%,4,3,50.5,2012,"5,626.03",1
8.29,5.72166,-0.83,47.45,3.433,2.97797,8.69963,79.34,2186,2/26/12,9.12,47918,1,Type 1 Promo,-27.54,24.69,-9.08,2012-02-26,Company III,25,1,-9.08,-111.51,Category 1,Sub-channel D,60%,4,-0.83,47.45,2012,-924.68,0
4.03,9.75315,-2.98,39.35,5.85189,2.66036,12.41352,87.07,2188,2/26/12,7.01,47926,1,Type 1 Promo,-28.17,10.73,-42.48,2012-02-26,Company III,25,1,-42.48,-262.46,Category 1,Sub-channel D,60%,4,-2.98,39.35,2012,"-1,058.90",1
"2,120.00",9.74762,634,"20,664.96",5.84857,2.48553,12.23316,"18,178.47",2324,2/26/12,"1,486.00",49344,1,Type 1 Promo,"-1,561.34","5,269.33",42.66,2012-02-26,Company III,25,1,42.66,-29.63,Category 1,Sub-channel D,60%,8,634,"20,664.96",2012,"-62,816.91",0
1.04,6.69,-2.06,6.96,5.0175,5.3,11.99,37.24,2095,2/26/12,3.11,30486,1,Type 1 Promo,-15.88,5.52,-66.49,2012-02-26,Company III,20,1,-66.49,-287.81,Category 1,Sub-channel C,75%,4,-2.06,6.96,2012,-299.56,0
2.01,7.68507,0,15.48,5.7638,0.49114,8.17621,16.5,1675,2/26/12,2.02,25734,1,Type 1 Promo,-1.01,0.99,-0.18,2012-02-26,Company III,22,1,-0.18,-102.1,Category 1,Sub-channel C,75%,4,0,15.48,2012,-205.65,1
1.02,6.99,0.02,7.15,5.2425,1,7.99,8.01,1711,2/26/12,1,26014,1,Type 1 Promo,-0.91,1.02,2.09,2012-02-26,Company III,22,1,2.09,-89.27,Category 1,Sub-channel C,75%,4,0.02,7.15,2012,-91.35,1
111.75,7.72197,43.11,862.92,5.79148,1.28717,9.00914,618.36,1581,2/26/12,68.64,42104,1,Type 1 Promo,105.84,143.84,62.81,2012-02-26,Company III,20,1,62.81,73.58,Category 1,Sub-channel D,75%,4,43.11,862.92,2012,"8,222.70",0
1,8.05,-0.03,8.06,6.0375,1.44,9.49,9.8,1583,2/26/12,1.03,42130,1,Type 1 Promo,-1.63,1.44,-2.99,2012-02-26,Company III,20,1,-2.99,-112.94,Category 1,Sub-channel D,75%,4,-0.03,8.06,2012,-113.09,0
9.02,17.81206,3.02,160.62,13.35904,0.90867,18.72073,112.32,1597,2/26/12,6,42303,1,Type 1 Promo,32.12,8.19,50.29,2012-02-26,Company III,20,1,50.29,391.98,Category 1,Sub-channel D,75%,4,3.02,160.62,2012,"3,534.71",1
23.05,11.54894,5.95,266.24,8.66171,2.12776,13.6767,233.85,1598,2/26/12,17.1,42313,1,Type 1 Promo,2.52,49.05,34.82,2012-02-26,Company III,20,1,34.82,5.14,Category 1,Sub-channel D,75%,4,5.95,266.24,2012,118.6,1
28,6.31607,18,176.85,4.73705,1.29093,7.607,76.07,2003,2/26/12,10,46379,1,Type 1 Promo,49.12,36.15,180,2012-02-26,Company III,20,1,180,135.9,Category 1,Sub-channel D,75%,4,18,176.85,2012,"3,805.09",1
5.11,6.80809,3.07,34.81,5.10606,1.5089,8.31699,17.01,2054,2/26/12,2.05,46971,1,Type 1 Promo,7.95,7.72,150.01,2012-02-26,Company III,20,1,150.01,103.04,Category 1,Sub-channel D,75%,4,3.07,34.81,2012,526.94,0
6,5.64667,3.95,33.88,4.235,1.41505,7.06172,14.45,2092,2/26/12,2.05,47241,1,Type 1 Promo,8.26,8.49,193.32,2012-02-26,Company III,20,1,193.32,97.25,Category 1,Sub-channel D,75%,4,3.95,33.88,2012,583.49,0
4,7.43809,1,29.75,5.57857,6.6056,14.04369,42.13,2095,2/26/12,3,47264,1,Type 1 Promo,-20.84,26.42,33.33,2012-02-26,Company III,20,1,33.33,-78.89,Category 1,Sub-channel D,75%,4,1,29.75,2012,-315.55,1
5.03,2,2.99,10.06,1.5,6.90909,8.90909,18.13,2097,2/26/12,2.04,47281,1,Type 1 Promo,-30.25,34.75,147.08,2012-02-26,Company III,20,1,147.08,-87.08,Category 1,Sub-channel D,75%,4,2.99,10.06,2012,-437.9,1
9.07,3.30679,5.07,30,2.48009,0.44368,3.75047,15.03,2103,2/26/12,4.01,47318,1,Type 1 Promo,8.54,4.03,126.42,2012-02-26,Company III,20,1,126.42,212.1,Category 1,Sub-channel D,75%,4,5.07,30,2012,"1,924.52",0
21.03,3.7217,15.03,78.26,2.79128,0.2783,4,24,2107,2/26/12,6,47350,1,Type 1 Promo,36.1,5.85,250.48,2012-02-26,Company III,20,1,250.48,616.81,Category 1,Sub-channel D,75%,4,15.03,78.26,2012,"12,970.81",1
38.08,4.16388,6.08,158.55,3.12291,1.79425,5.95813,190.67,2137,2/26/12,32,47385,1,Type 1 Promo,-49.35,68.32,18.99,2012-02-26,Company III,20,1,18.99,-72.23,Category 1,Sub-channel D,75%,4,6.08,158.55,2012,"-2,750.19",0
190.31,4.51412,106.26,859.06,3.38559,1.27253,5.78665,486.33,2142,2/26/12,84.04,47441,1,Type 1 Promo,117.59,242.17,126.44,2012-02-26,Company III,20,1,126.44,48.56,Category 1,Sub-channel D,75%,4,106.26,859.06,2012,"9,240.77",0
37.02,5.41859,14.02,200.57,4.06394,0.64315,6.06174,139.42,2151,2/26/12,23,47499,1,Type 1 Promo,33.15,23.81,60.94,2012-02-26,Company III,20,1,60.94,139.25,Category 1,Sub-channel D,75%,4,14.02,200.57,2012,"5,154.58",1
80.21,5.1932,-12.81,416.55,3.8949,0.90173,6.09492,566.93,2156,2/26/12,93.02,47576,1,Type 1 Promo,-122.21,72.33,-13.77,2012-02-26,Company III,20,1,-13.77,-168.96,Category 1,Sub-channel D,75%,4,-12.81,416.55,2012,"-13,552.56",0
4,25.67959,2.97,102.72,19.25969,66.55996,92.23955,95.46,1678,2/26/12,1.03,42828,1,Type 1 Promo,-209.14,266.25,286.5,2012-02-26,Company III,22,1,286.5,-78.55,Category 1,Sub-channel D,75%,4,2.97,102.72,2012,-314.21,1
27,8.17111,-6,220.62,6.12833,0.22131,8.39242,276.95,1820,2/26/12,33,44176,1,Type 1 Promo,-42.75,5.98,-18.18,2012-02-26,Company III,23,1,-18.18,-715.35,Category 1,Sub-channel D,75%,4,-6,220.62,2012,"-19,314.47",0
4,8.24,0,32.96,6.18,0.75,8.99,35.96,2175,2/26/12,4,47812,1,Type 1 Promo,-3,3,0,2012-02-26,Company III,25,1,0,-100,Category 1,Sub-channel D,75%,4,0,32.96,2012,-400,1
8.29,5.72166,-0.83,47.45,4.29124,2.97797,8.69963,79.34,2186,2/26/12,9.12,47918,1,Type 1 Promo,-28.25,24.69,-9.08,2012-02-26,Company III,25,1,-9.08,-114.39,Category 1,Sub-channel D,75%,4,-0.83,47.45,2012,-948.54,0
4.03,9.75315,-2.98,39.35,7.31486,2.66036,12.41352,87.07,2188,2/26/12,7.01,47926,1,Type 1 Promo,-32.53,10.73,-42.48,2012-02-26,Company III,25,1,-42.48,-303.07,Category 1,Sub-channel D,75%,4,-2.98,39.35,2012,"-1,222.76",1
"2,120.00",9.74762,634,"20,664.96",7.31072,2.48553,12.23316,"18,178.47",2324,2/26/12,"1,486.00",49344,1,Type 1 Promo,-634.34,"5,269.33",42.66,2012-02-26,Company III,25,1,42.66,-12.04,Category 1,Sub-channel D,75%,8,634,"20,664.96",2012,"-25,521.14",0
1.04,6.69,-2.06,6.96,6.021,5.3,11.99,37.24,2095,2/26/12,3.11,30486,1,Type 1 Promo,-17.95,5.52,-66.49,2012-02-26,Company III,20,1,-66.49,-325.37,Category 1,Sub-channel C,90%,4,-2.06,6.96,2012,-338.65,0
2.01,7.68507,0,15.48,6.91656,0.49114,8.17621,16.5,1675,2/26/12,2.02,25734,1,Type 1 Promo,-1.01,0.99,-0.18,2012-02-26,Company III,22,1,-0.18,-102.52,Category 1,Sub-channel C,90%,4,0,15.48,2012,-206.49,1
1.02,6.99,0.02,7.15,6.291,1,7.99,8.01,1711,2/26/12,1,26014,1,Type 1 Promo,-0.89,1.02,2.09,2012-02-26,Company III,22,1,2.09,-87.13,Category 1,Sub-channel C,90%,4,0.02,7.15,2012,-89.15,1
111.75,7.72197,43.11,862.92,6.94977,1.28717,9.00914,618.36,1581,2/26/12,68.64,42104,1,Type 1 Promo,155.78,143.84,62.81,2012-02-26,Company III,20,1,62.81,108.3,Category 1,Sub-channel D,90%,4,43.11,862.92,2012,"12,102.20",0
1,8.05,-0.03,8.06,7.245,1.44,9.49,9.8,1583,2/26/12,1.03,42130,1,Type 1 Promo,-1.67,1.44,-2.99,2012-02-26,Company III,20,1,-2.99,-115.53,Category 1,Sub-channel D,90%,4,-0.03,8.06,2012,-115.68,0
9.02,17.81206,3.02,160.62,16.03085,0.90867,18.72073,112.32,1597,2/26/12,6,42303,1,Type 1 Promo,40.18,8.19,50.29,2012-02-26,Company III,20,1,50.29,490.37,Category 1,Sub-channel D,90%,4,3.02,160.62,2012,"4,422.01",0
23.05,11.54894,5.95,266.24,10.39405,2.12776,13.6767,233.85,1598,2/26/12,17.1,42313,1,Type 1 Promo,12.84,49.05,34.82,2012-02-26,Company III,20,1,34.82,26.17,Category 1,Sub-channel D,90%,4,5.95,266.24,2012,603.38,0
28,6.31607,18,176.85,5.68446,1.29093,7.607,76.07,2003,2/26/12,10,46379,1,Type 1 Promo,66.17,36.15,180,2012-02-26,Company III,20,1,180,183.08,Category 1,Sub-channel D,90%,4,18,176.85,2012,"5,126.11",0
5.11,6.80809,3.07,34.81,6.12728,1.5089,8.31699,17.01,2054,2/26/12,2.05,46971,1,Type 1 Promo,11.08,7.72,150.01,2012-02-26,Company III,20,1,150.01,143.65,Category 1,Sub-channel D,90%,4,3.07,34.81,2012,734.6,1
6,5.64667,3.95,33.88,5.082,1.41505,7.06172,14.45,2092,2/26/12,2.05,47241,1,Type 1 Promo,11.61,8.49,193.32,2012-02-26,Company III,20,1,193.32,136.7,Category 1,Sub-channel D,90%,4,3.95,33.88,2012,820.19,1
4,7.43809,1,29.75,6.69428,6.6056,14.04369,42.13,2095,2/26/12,3,47264,1,Type 1 Promo,-19.73,26.42,33.33,2012-02-26,Company III,20,1,33.33,-74.66,Category 1,Sub-channel D,90%,4,1,29.75,2012,-298.66,0
5.03,2,2.99,10.06,1.8,6.90909,8.90909,18.13,2097,2/26/12,2.04,47281,1,Type 1 Promo,-29.36,34.75,147.08,2012-02-26,Company III,20,1,147.08,-84.49,Category 1,Sub-channel D,90%,4,2.99,10.06,2012,-424.9,1
9.07,3.30679,5.07,30,2.97611,0.44368,3.75047,15.03,2103,2/26/12,4.01,47318,1,Type 1 Promo,11.05,4.03,126.42,2012-02-26,Company III,20,1,126.42,274.52,Category 1,Sub-channel D,90%,4,5.07,30,2012,"2,490.89",0
21.03,3.7217,15.03,78.26,3.34953,0.2783,4,24,2107,2/26/12,6,47350,1,Type 1 Promo,44.49,5.85,250.48,2012-02-26,Company III,20,1,250.48,760.17,Category 1,Sub-channel D,90%,4,15.03,78.26,2012,"15,985.55",1
38.08,4.16388,6.08,158.55,3.74749,1.79425,5.95813,190.67,2137,2/26/12,32,47385,1,Type 1 Promo,-45.55,68.32,18.99,2012-02-26,Company III,20,1,18.99,-66.67,Category 1,Sub-channel D,90%,4,6.08,158.55,2012,"-2,538.69",1
190.31,4.51412,106.26,859.06,4.06271,1.27253,5.78665,486.33,2142,2/26/12,84.04,47441,1,Type 1 Promo,189.54,242.17,126.44,2012-02-26,Company III,20,1,126.44,78.27,Category 1,Sub-channel D,90%,4,106.26,859.06,2012,"14,895.03",1
37.02,5.41859,14.02,200.57,4.87673,0.64315,6.06174,139.42,2151,2/26/12,23,47499,1,Type 1 Promo,44.54,23.81,60.94,2012-02-26,Company III,20,1,60.94,187.11,Category 1,Sub-channel D,90%,4,14.02,200.57,2012,"6,925.80",0
80.21,5.1932,-12.81,416.55,4.67388,0.90173,6.09492,566.93,2156,2/26/12,93.02,47576,1,Type 1 Promo,-132.18,72.33,-13.77,2012-02-26,Company III,20,1,-13.77,-182.76,Category 1,Sub-channel D,90%,4,-12.81,416.55,2012,"-14,658.88",0
4,25.67959,2.97,102.72,23.11163,66.55996,92.23955,95.46,1678,2/26/12,1.03,42828,1,Type 1 Promo,-197.72,266.25,286.5,2012-02-26,Company III,22,1,286.5,-74.26,Category 1,Sub-channel D,90%,4,2.97,102.72,2012,-297.05,1
27,8.17111,-6,220.62,7.354,0.22131,8.39242,276.95,1820,2/26/12,33,44176,1,Type 1 Promo,-50.1,5.98,-18.18,2012-02-26,Company III,23,1,-18.18,-838.42,Category 1,Sub-channel D,90%,4,-6,220.62,2012,"-22,637.36",1
4,8.24,0,32.96,7.416,0.75,8.99,35.96,2175,2/26/12,4,47812,1,Type 1 Promo,-3,3,0,2012-02-26,Company III,25,1,0,-100,Category 1,Sub-channel D,90%,4,0,32.96,2012,-400,1
8.29,5.72166,-0.83,47.45,5.14949,2.97797,8.69963,79.34,2186,2/26/12,9.12,47918,1,Type 1 Promo,-28.96,24.69,-9.08,2012-02-26,Company III,25,1,-9.08,-117.26,Category 1,Sub-channel D,90%,4,-0.83,47.45,2012,-972.4,0
4.03,9.75315,-2.98,39.35,8.77784,2.66036,12.41352,87.07,2188,2/26/12,7.01,47926,1,Type 1 Promo,-36.89,10.73,-42.48,2012-02-26,Company III,25,1,-42.48,-343.69,Category 1,Sub-channel D,90%,4,-2.98,39.35,2012,"-1,386.63",1
"2,120.00",9.74762,634,"20,664.96",8.77286,2.48553,12.23316,"18,178.47",2324,2/26/12,"1,486.00",49344,1,Type 1 Promo,292.66,"5,269.33",42.66,2012-02-26,Company III,25,1,42.66,5.55,Category 1,Sub-channel D,90%,8,634,"20,664.96",2012,"11,774.64",1
1.25,63.73598,-0.63,79.69,38.24159,8.55224,72.28821,135.57,2118,2/26/12,1.88,12982,1,Type 1 Promo,-34.59,10.69,-33.33,2012-02-26,Company III,20,1,-33.33,-323.52,Category 2,Sub-channel B,60%,5,-0.63,79.69,2012,-404.51,1
1.88,91.70365,0.31,172.01,55.02219,3.56007,95.26372,148.88,2334,2/26/12,1.56,14884,1,Type 1 Promo,10.54,6.68,20.02,2012-02-26,Company III,20,1,20.02,157.83,Category 2,Sub-channel B,60%,5,0.31,172.01,2012,296.05,1
3.35,66.83381,0,224,40.10029,6.79296,73.62677,246.72,2130,2/26/12,3.35,13031,1,Type 1 Promo,-22.74,22.77,0.02,2012-02-26,Company III,20,1,0.02,-99.9,Category 2,Sub-channel B,60%,6.7,0,224,2012,-334.82,1
1.63,2.73231,-0.03,4.44,1.63938,0.88615,3.61846,5.98,2335,2/26/12,1.65,49413,1,Type 1 Promo,-1.49,1.44,-1.67,2012-02-26,Company III,20,1,-1.67,-103.15,Category 2,Sub-channel D,60%,13,-0.03,4.44,2012,-167.62,0
6.63,4.15734,5.55,27.56,2.4944,8.55442,12.71176,13.75,2340,2/26/12,1.08,49458,1,Type 1 Promo,-42.87,56.71,513.07,2012-02-26,Company III,20,1,513.07,-75.6,Category 2,Sub-channel D,60%,17.3,5.55,27.56,2012,-501.14,0
1.25,63.73598,-0.63,79.69,47.80198,8.55224,72.28821,135.57,2118,2/26/12,1.88,12982,1,Type 1 Promo,-40.57,10.69,-33.33,2012-02-26,Company III,20,1,-33.33,-379.39,Category 2,Sub-channel B,75%,5,-0.63,79.69,2012,-474.37,0
1.88,91.70365,0.31,172.01,68.77773,3.56007,95.26372,148.88,2334,2/26/12,1.56,14884,1,Type 1 Promo,14.84,6.68,20.02,2012-02-26,Company III,20,1,20.02,222.29,Category 2,Sub-channel B,75%,5,0.31,172.01,2012,416.96,0
3.35,66.83381,0,224,50.12536,6.79296,73.62677,246.72,2130,2/26/12,3.35,13031,1,Type 1 Promo,-22.74,22.77,0.02,2012-02-26,Company III,20,1,0.02,-99.87,Category 2,Sub-channel B,75%,6.7,0,224,2012,-334.73,1
1.63,2.73231,-0.03,4.44,2.04923,0.88615,3.61846,5.98,2335,2/26/12,1.65,49413,1,Type 1 Promo,-1.5,1.44,-1.67,2012-02-26,Company III,20,1,-1.67,-103.94,Category 2,Sub-channel D,75%,13,-0.03,4.44,2012,-168.9,0
6.63,4.15734,5.55,27.56,3.11801,8.55442,12.71176,13.75,2340,2/26/12,1.08,49458,1,Type 1 Promo,-39.41,56.71,513.07,2012-02-26,Company III,20,1,513.07,-69.5,Category 2,Sub-channel D,75%,17.3,5.55,27.56,2012,-460.7,0
1.25,63.73598,-0.63,79.69,57.36238,8.55224,72.28821,135.57,2118,2/26/12,1.88,12982,1,Type 1 Promo,-46.54,10.69,-33.33,2012-02-26,Company III,20,1,-33.33,-435.27,Category 2,Sub-channel B,90%,5,-0.63,79.69,2012,-544.24,0
1.88,91.70365,0.31,172.01,82.53328,3.56007,95.26372,148.88,2334,2/26/12,1.56,14884,1,Type 1 Promo,19.15,6.68,20.02,2012-02-26,Company III,20,1,20.02,286.75,Category 2,Sub-channel B,90%,5,0.31,172.01,2012,537.86,1
3.35,66.83381,0,224,60.15043,6.79296,73.62677,246.72,2130,2/26/12,3.35,13031,1,Type 1 Promo,-22.73,22.77,0.02,2012-02-26,Company III,20,1,0.02,-99.85,Category 2,Sub-channel B,90%,6.7,0,224,2012,-334.65,1
1.63,2.73231,-0.03,4.44,2.45908,0.88615,3.61846,5.98,2335,2/26/12,1.65,49413,1,Type 1 Promo,-1.51,1.44,-1.67,2012-02-26,Company III,20,1,-1.67,-104.72,Category 2,Sub-channel D,90%,13,-0.03,4.44,2012,-170.18,1
6.63,4.15734,5.55,27.56,3.74161,8.55442,12.71176,13.75,2340,2/26/12,1.08,49458,1,Type 1 Promo,-35.95,56.71,513.07,2012-02-26,Company III,20,1,513.07,-63.4,Category 2,Sub-channel D,90%,17.3,5.55,27.56,2012,-420.26,0
4.23,37.63962,2.11,159.06,22.58377,2.39052,40.03015,84.58,2132,2/26/12,2.11,13054,1,Type 1 Promo,37.62,10.1,100.01,2012-02-26,Company III,20,1,100.01,372.38,Category 3,Sub-channel B,60%,8.45,2.11,159.06,2012,"1,573.60",0
3.74,5.26908,2.04,19.71,3.16145,1.07262,6.34169,10.76,2068,2/26/12,1.7,12740,1,Type 1 Promo,2.45,4.01,120.39,2012-02-26,Company III,20,1,120.39,61,Category 3,Sub-channel B,60%,9,2.04,19.71,2012,228.21,0
1.77,5.90874,1.1,10.46,3.54525,0.65126,6.56,4.42,2079,2/26/12,0.67,12832,1,Type 1 Promo,2.74,1.15,163.04,2012-02-26,Company III,20,1,163.04,237.42,Category 3,Sub-channel B,60%,9,1.1,10.46,2012,420.5,0
2.2,8.75756,0.3,19.25,5.25453,9.68592,18.44348,35.06,2122,2/26/12,1.9,30546,1,Type 1 Promo,-19.73,21.3,15.64,2012-02-26,Company III,20,1,15.64,-92.66,Category 3,Sub-channel C,60%,8.45,0.3,19.25,2012,-203.73,0
10.38,42.22748,4.42,438.45,25.33649,1.45643,43.68392,260.4,2123,2/26/12,5.96,30551,1,Type 1 Promo,96.92,15.12,74.18,2012-02-26,Company III,20,1,74.18,640.9,Category 3,Sub-channel C,60%,8.45,4.42,438.45,2012,"6,654.50",0
6.24,6.02667,5.68,37.62,3.616,1.04889,7.07556,3.98,2079,2/26/12,0.56,30378,1,Type 1 Promo,13.99,6.55,"1,009.86",2012-02-26,Company III,20,1,"1,009.86",213.68,Category 3,Sub-channel C,60%,9,5.68,37.62,2012,"1,334.02",0
3.37,9.74228,0.52,32.86,5.84537,3.31817,13.06045,37.3,1960,2/26/12,2.86,28783,1,Type 1 Promo,-8.17,11.19,18.1,2012-02-26,Company III,24,1,18.1,-73,Category 3,Sub-channel C,60%,8.5,0.52,32.86,2012,-246.24,0
3.94,4518.24308,2.81,"17,790.58","2,710.95","6,940.56","11,458.81","12,891.16",2066,2/26/12,1.13,47035,1,Type 1 Promo,"-19,703.93","27,328.47",250,2012-02-26,Company III,20,1,250,-72.1,Category 3,Sub-channel D,60%,9,2.81,"17,790.58",2012,-283.9,1
2.83,26.71812,-0.56,75.67,16.03087,18.9224,45.64053,154.98,2068,2/26/12,3.4,47048,1,Type 1 Promo,-62.63,53.59,-16.59,2012-02-26,Company III,20,1,-16.59,-116.85,Category 3,Sub-channel D,60%,9,-0.56,75.67,2012,-330.96,1
0.56,413.30851,-0.02,232.49,247.9851,14.78813,428.09664,248.69,2069,2/26/12,0.58,47053,1,Type 1 Promo,-12.89,8.32,-3.17,2012-02-26,Company III,20,1,-3.17,-154.94,Category 3,Sub-channel D,60%,9,-0.02,232.49,2012,-87.15,1
2.27,4.44432,-0.02,10.1,2.66659,0.88902,5.33333,12.23,2083,2/26/12,2.29,47131,1,Type 1 Promo,-2.08,2.02,-0.93,2012-02-26,Company III,20,1,-0.93,-102.81,Category 3,Sub-channel D,60%,9,-0.02,10.1,2012,-233.66,0
4.23,37.63962,2.11,159.06,28.22972,2.39052,40.03015,84.58,2132,2/26/12,2.11,13054,1,Type 1 Promo,49.55,10.1,100.01,2012-02-26,Company III,20,1,100.01,490.48,Category 3,Sub-channel B,75%,8.45,2.11,159.06,2012,"2,072.64",1
3.74,5.26908,2.04,19.71,3.95181,1.07262,6.34169,10.76,2068,2/26/12,1.7,12740,1,Type 1 Promo,4.06,4.01,120.39,2012-02-26,Company III,20,1,120.39,101.25,Category 3,Sub-channel B,75%,9,2.04,19.71,2012,378.79,0
1.77,5.90874,1.1,10.46,4.43156,0.65126,6.56,4.42,2079,2/26/12,0.67,12832,1,Type 1 Promo,3.71,1.15,163.04,2012-02-26,Company III,20,1,163.04,321.78,Category 3,Sub-channel B,75%,9,1.1,10.46,2012,569.9,1
2.2,8.75756,0.3,19.25,6.56817,9.68592,18.44348,35.06,2122,2/26/12,1.9,30546,1,Type 1 Promo,-19.34,21.3,15.64,2012-02-26,Company III,20,1,15.64,-90.83,Category 3,Sub-channel C,75%,8.45,0.3,19.25,2012,-199.69,0
10.38,42.22748,4.42,438.45,31.67061,1.45643,43.68392,260.4,2123,2/26/12,5.96,30551,1,Type 1 Promo,124.93,15.12,74.18,2012-02-26,Company III,20,1,74.18,826.12,Category 3,Sub-channel C,75%,8.45,4.42,438.45,2012,"8,577.70",1
6.24,6.02667,5.68,37.62,4.52,1.04889,7.07556,3.98,2079,2/26/12,0.56,30378,1,Type 1 Promo,19.13,6.55,"1,009.86",2012-02-26,Company III,20,1,"1,009.86",292.1,Category 3,Sub-channel C,75%,9,5.68,37.62,2012,"1,823.60",1
3.37,9.74228,0.52,32.86,7.30671,3.32,13.06,37.3,1960,2/26/12,2.86,28783,1,Type 1 Promo,-7.42,11.19,18.1,2012-02-26,Company III,24,1,18.1,-66.25,Category 3,Sub-channel C,75%,8.5,0.52,32.86,2012,-223.47,1
3.94,4518.24308,2.81,"17,790.58","3,388.68","6,940.56","11,458.81","12,891.16",2066,2/26/12,1.13,47035,1,Type 1 Promo,"-17,797.80","27,328.47",250,2012-02-26,Company III,20,1,250,-65.13,Category 3,Sub-channel D,75%,9,2.81,"17,790.58",2012,-256.43,1
2.83,26.71812,-0.56,75.67,20.03859,18.9224,45.64053,154.98,2068,2/26/12,3.4,47048,1,Type 1 Promo,-64.88,53.59,-16.59,2012-02-26,Company III,20,1,-16.59,-121.06,Category 3,Sub-channel D,75%,9,-0.56,75.67,2012,-342.89,0
0.56,413.30851,-0.02,232.49,309.98138,14.78813,428.09664,248.69,2069,2/26/12,0.58,47053,1,Type 1 Promo,-14.03,8.32,-3.17,2012-02-26,Company III,20,1,-3.17,-168.67,Category 3,Sub-channel D,75%,9,-0.02,232.49,2012,-94.88,0
2.27,4.44432,-0.02,10.1,3.33324,0.88902,5.33333,12.23,2083,2/26/12,2.29,47131,1,Type 1 Promo,-2.09,2.02,-0.93,2012-02-26,Company III,20,1,-0.93,-103.52,Category 3,Sub-channel D,75%,9,-0.02,10.1,2012,-235.26,0
4.23,37.63962,2.11,159.06,33.87566,2.39052,40.03015,84.58,2132,2/26/12,2.11,13054,1,Type 1 Promo,61.48,10.1,100.01,2012-02-26,Company III,20,1,100.01,608.57,Category 3,Sub-channel B,90%,8.45,2.11,159.06,2012,"2,571.69",1
3.74,5.26908,2.04,19.71,4.74217,1.07262,6.34169,10.76,2068,2/26/12,1.7,12740,1,Type 1 Promo,5.68,4.01,120.39,2012-02-26,Company III,20,1,120.39,141.5,Category 3,Sub-channel B,90%,9,2.04,19.71,2012,529.36,1
1.77,5.90874,1.1,10.46,5.31787,0.65126,6.56,4.42,2079,2/26/12,0.67,12832,1,Type 1 Promo,4.68,1.15,163.04,2012-02-26,Company III,20,1,163.04,406.13,Category 3,Sub-channel B,90%,9,1.1,10.46,2012,719.3,1
2.2,8.75756,0.3,19.25,7.8818,9.68592,18.44348,35.06,2122,2/26/12,1.9,30546,1,Type 1 Promo,-18.95,21.3,15.64,2012-02-26,Company III,20,1,15.64,-88.99,Category 3,Sub-channel C,90%,8.45,0.3,19.25,2012,-195.66,0
6.24,6.02667,5.68,37.62,5.424,1.04889,7.07556,3.98,2079,2/26/12,0.56,30378,1,Type 1 Promo,24.26,6.55,"1,009.86",2012-02-26,Company III,20,1,"1,009.86",370.53,Category 3,Sub-channel C,90%,9,5.68,37.62,2012,"2,313.18",1
3.37,9.74228,0.52,32.86,8.76805,3.31817,13.06045,37.3,1960,2/26/12,2.86,28783,1,Type 1 Promo,-6.66,11.19,18.1,2012-02-26,Company III,24,1,18.1,-59.5,Category 3,Sub-channel C,90%,8.5,0.52,32.86,2012,-200.71,1
3.94,4518.24308,2.81,"17,790.58","4,066.42","6,940.56","11,458.81","12,891.16",2066,2/26/12,1.13,47035,1,Type 1 Promo,"-15,891.67","27,328.47",250,2012-02-26,Company III,20,1,250,-58.15,Category 3,Sub-channel D,90%,9,2.81,"17,790.58",2012,-228.97,1
2.83,26.71812,-0.56,75.67,24.04631,18.9224,45.64053,154.98,2068,2/26/12,3.4,47048,1,Type 1 Promo,-67.14,53.59,-16.59,2012-02-26,Company III,20,1,-16.59,-125.28,Category 3,Sub-channel D,90%,9,-0.56,75.67,2012,-354.82,0
0.56,413.30851,-0.02,232.49,371.97766,14.78813,428.09664,248.69,2069,2/26/12,0.58,47053,1,Type 1 Promo,-15.17,8.32,-3.17,2012-02-26,Company III,20,1,-3.17,-182.41,Category 3,Sub-channel D,90%,9,-0.02,232.49,2012,-102.61,0
2.27,4.44432,-0.02,10.1,3.99988,0.88902,5.33333,12.23,2083,2/26/12,2.29,47131,1,Type 1 Promo,-2.11,2.02,-0.93,2012-02-26,Company III,20,1,-0.93,-104.22,Category 3,Sub-channel D,90%,9,-0.02,10.1,2012,-236.86,0
"9,791.67",9.55473,"1,134.59","93,556.72",5.73284,0.24964,9.80436,"84,877.12",2086,2/26/12,"8,657.08",12865,104,Type 2 Promo,"4,060.08","2,444.35",13.11,2012-02-26,Company III,20,1,13.11,166.1,Category 1,Sub-channel B,60%,3,"1,134.59","93,556.72",2012,"1,626,403.73",0
"2,643.66",6.00805,-99.97,"15,883.27",3.60483,2.25193,8.25998,"22,662.38",1586,2/26/12,"2,743.64",7625,104,Type 2 Promo,"-6,313.72","5,953.33",-3.64,2012-02-26,Company III,20,1,-3.64,-106.05,Category 1,Sub-channel B,60%,4,-99.97,"15,883.27",2012,"-280,369.83",1
"9,890.65",6.75727,529.85,"66,833.72",4.05436,0.22921,6.98647,"65,398.98",2009,2/26/12,"9,360.80",11914,104,Type 2 Promo,-118.83,"2,267.02",5.66,2012-02-26,Company III,20,1,5.66,-5.24,Category 1,Sub-channel B,60%,4,529.85,"66,833.72",2012,"-51,843.18",1
"10,337.12",6.67483,257.64,"68,998.50",4.0049,0.1712,6.84603,"69,004.43",2016,2/26/12,"10,079.48",12013,104,Type 2 Promo,-737.92,"1,769.75",2.56,2012-02-26,Company III,20,1,2.56,-41.7,Category 1,Sub-channel B,60%,4,257.64,"68,998.50",2012,"-431,022.04",1
330.14,7.43092,329.1,"2,453.27",4.45855,2.55908,9.99,10.38,2030,2/26/12,1.04,12268,104,Type 2 Promo,622.47,844.86,"31,659.64",2012-02-26,Company III,20,1,"31,659.64",73.68,Category 1,Sub-channel B,60%,4,329.1,"2,453.27",2012,"24,323.83",1
"11,144.38",4.85029,319.32,"54,053.53",2.91018,0.38,5.23,"56,579.76",2147,2/26/12,"10,825.06",13234,104,Type 2 Promo,"-3,265.97","4,195.26",2.95,2012-02-26,Company III,20,1,2.95,-77.85,Category 1,Sub-channel B,60%,4,319.32,"54,053.53",2012,"-867,579.89",1
"10,839.05",12.31514,"1,401.27","133,484.37",7.38908,0.68446,12.9996,"122,687.37",2159,2/26/12,"9,437.78",13395,104,Type 2 Promo,"2,935.18","7,418.89",14.85,2012-02-26,Company III,20,1,14.85,39.56,Category 1,Sub-channel B,60%,4,"1,401.27","133,484.37",2012,"428,831.04",0
"3,578.61",12.56396,620.99,"44,961.56",7.53837,1.90416,14.46812,"42,791.20",2328,2/26/12,"2,957.62",14867,104,Type 2 Promo,"-2,132.97","6,814.26",21,2012-02-26,Company III,20,1,21,-31.3,Category 1,Sub-channel B,60%,4,620.99,"44,961.56",2012,"-112,016.46",0
"7,079.66",9.53343,326.59,"67,493.51",5.72006,1.147,10.68043,"72,125.75",2329,2/26/12,"6,753.08",14869,104,Type 2 Promo,"-6,252.24","8,120.34",4.84,2012-02-26,Company III,20,1,4.84,-76.99,Category 1,Sub-channel B,60%,4,326.59,"67,493.51",2012,"-545,097.27",0
"6,418.86",12.78723,797.12,"82,079.48",7.67234,1.17893,13.96616,"78,514.21",2330,2/26/12,"5,621.75",14870,104,Type 2 Promo,"-1,451.63","7,567.38",14.18,2012-02-26,Company III,20,1,14.18,-19.18,Category 1,Sub-channel B,60%,4,797.12,"82,079.48",2012,"-123,131.49",0
"4,848.42",12.47158,808.31,"60,467.38",7.48295,1.49397,13.96554,"56,422.23",2331,2/26/12,"4,040.10",14883,104,Type 2 Promo,"-1,194.81","7,243.37",20.01,2012-02-26,Company III,20,1,20.01,-16.5,Category 1,Sub-channel B,60%,4,808.31,"60,467.38",2012,"-79,975.91",0
"7,283.84",13.03161,-167.27,"94,920.12",7.81896,1.21656,14.24816,"106,164.66",1906,2/26/12,"7,451.11",10560,104,Type 2 Promo,"-10,169.11","8,861.21",-2.24,2012-02-26,Company III,20,1,-2.24,-114.76,Category 1,Sub-channel B,60%,9.27,-167.27,"94,920.12",2012,"-835,892.50",0
"9,987.27",13.05072,144.2,"130,341.15",7.83043,1.00931,14.06004,"138,394.01",1907,2/26/12,"9,843.07",10582,104,Type 2 Promo,"-8,951.16","10,080.29",1.46,2012-02-26,Company III,20,1,1.46,-88.8,Category 1,Sub-channel B,60%,11.7,144.2,"130,341.15",2012,"-886,855.72",0
"3,697.79",5.98964,207.57,"22,148.41",3.59378,0.70539,6.69503,"23,367.14",1685,2/26/12,"3,490.22",8339,104,Type 2 Promo,"-1,862.45","2,608.39",5.95,2012-02-26,Company III,22,1,5.95,-71.4,Category 1,Sub-channel B,60%,4,207.57,"22,148.41",2012,"-264,029.88",0
"2,638.99",5.39695,223.29,"14,242.51",3.23817,1.00845,6.40539,"15,473.53",1805,2/26/12,"2,415.70",9521,104,Type 2 Promo,"-1,938.24","2,661.29",9.24,2012-02-26,Company III,22,1,9.24,-72.83,Category 1,Sub-channel B,60%,4,223.29,"14,242.51",2012,"-192,199.73",1
"7,978.37",7.09221,"1,104.46","56,584.25",4.25532,0.60599,7.69819,"52,916.68",1807,2/26/12,"6,873.91",9552,104,Type 2 Promo,-134.94,"4,834.77",16.07,2012-02-26,Company III,22,1,16.07,-2.79,Category 1,Sub-channel B,60%,4,"1,104.46","56,584.25",2012,"-22,267.25",1
"14,213.08",6.48522,"-2,730.42","92,174.89",3.89113,0.2634,6.74861,"114,345.12",1810,2/26/12,"16,943.50",9585,104,Type 2 Promo,"-14,368.11","3,743.70",-16.11,2012-02-26,Company III,22,1,-16.11,-383.79,Category 1,Sub-channel B,60%,4,"-2,730.42","92,174.89",2012,"-5,454,897.22",0
"12,621.13",6.55501,"-1,854.77","82,731.63",3.93301,0.25597,6.81098,"98,595.03",1811,2/26/12,"14,475.90",9602,104,Type 2 Promo,"-10,525.41","3,230.57",-12.81,2012-02-26,Company III,22,1,-12.81,-325.81,Category 1,Sub-channel B,60%,4,"-1,854.77","82,731.63",2012,"-4,112,044.06",0
"2,819.33",5.96079,-233.81,"16,805.45",3.57647,0.90729,6.86808,"20,969.22",1812,2/26/12,"3,053.14",9618,104,Type 2 Promo,"-3,394.17","2,557.95",-7.66,2012-02-26,Company III,22,1,-7.66,-132.69,Category 1,Sub-channel B,60%,4,-233.81,"16,805.45",2012,"-374,099.62",1
"14,623.17",6.52879,"-2,362.85","95,471.63",3.92,0.23,6.76,"114,793.57",1813,2/26/12,"16,986.02",9638,104,Type 2 Promo,"-12,609.45","3,353.54",-13.91,2012-02-26,Company III,22,1,-13.91,-376,Category 1,Sub-channel B,60%,4,"-2,362.85","95,471.63",2012,"-5,498,383.60",1
"4,408.15",8.36077,607.48,"36,855.53",5.01646,0.72384,9.08462,"34,527.59",1841,2/26/12,"3,800.67",9895,104,Type 2 Promo,-143.4,"3,190.81",15.98,2012-02-26,Company III,23,1,15.98,-4.49,Category 1,Sub-channel B,60%,4,607.48,"36,855.53",2012,"-19,810.46",0
"7,588.39",9.23698,"1,835.83","70,093.75",5.54219,0.52723,9.76421,"56,169.10",1844,2/26/12,"5,752.55",9938,104,Type 2 Promo,"6,173.72","4,000.82",31.91,2012-02-26,Company III,23,1,31.91,154.31,Category 1,Sub-channel B,60%,4,"1,835.83","70,093.75",2012,"1,170,974.19",0
"2,041.12",6.00565,317.35,"12,258.27",3.60339,1.02719,7.03284,"12,123.04",1875,2/26/12,"1,723.78",10276,104,Type 2 Promo,-953.09,"2,096.62",18.41,2012-02-26,Company III,23,1,18.41,-45.46,Category 1,Sub-channel B,60%,4,317.35,"12,258.27",2012,"-92,786.69",1
886.07,6.82334,134.89,"6,045.96",4.094,0.51263,7.33596,"5,510.64",2087,2/26/12,751.18,30445,104,Type 2 Promo,98.02,454.22,17.96,2012-02-26,Company III,20,1,17.96,21.58,Category 1,Sub-channel C,60%,3,134.89,"6,045.96",2012,"19,120.31",0
"2,171.72",6.50084,-955.95,"14,118.03",3.90051,0.60853,7.10938,"22,235.81",1601,2/26/12,"3,127.67",25155,104,Type 2 Promo,"-5,050.26","1,321.57",-30.56,2012-02-26,Company III,20,1,-30.56,-382.14,Category 1,Sub-channel C,60%,4,-955.95,"14,118.03",2012,"-829,904.60",1
"2,293.95",7.08789,-450.32,"16,259.25",4.25274,0.62542,7.71331,"21,167.36",1604,2/26/12,"2,744.26",25214,104,Type 2 Promo,"-3,349.76","1,434.68",-16.41,2012-02-26,Company III,20,1,-16.41,-233.48,Category 1,Sub-channel C,60%,4,-450.32,"16,259.25",2012,"-535,600.64",0
364.36,11.27207,54.91,"4,107.07",6.76324,0.53855,11.81062,"3,654.79",1606,2/26/12,309.45,25247,104,Type 2 Promo,175.13,196.23,17.74,2012-02-26,Company III,20,1,17.74,89.25,Category 1,Sub-channel C,60%,4,54.91,"4,107.07",2012,"32,518.96",1
"4,196.59",7.75441,315.09,"32,542.09",4.65264,0.27675,8.03116,"31,172.99",2001,2/26/12,"3,881.51",29247,104,Type 2 Promo,304.58,"1,161.41",8.12,2012-02-26,Company III,20,1,8.12,26.22,Category 1,Sub-channel C,60%,4,315.09,"32,542.09",2012,"110,054.99",1
"3,650.70",7.34219,281.44,"26,804.10",4.40531,0.41592,7.75811,"26,139.05",2005,2/26/12,"3,369.25",29280,104,Type 2 Promo,-278.57,"1,518.41",8.35,2012-02-26,Company III,20,1,8.35,-18.35,Category 1,Sub-channel C,60%,4,281.44,"26,804.10",2012,"-66,975.50",1
"2,564.41",6.7248,523.76,"17,245.15",4.03488,1.01926,7.74406,"15,802.91",2006,2/26/12,"2,040.65",29305,104,Type 2 Promo,-500.49,"2,613.81",25.67,2012-02-26,Company III,20,1,25.67,-19.15,Category 1,Sub-channel C,60%,4,523.76,"17,245.15",2012,"-49,102.82",1
"4,478.83",7.86833,250.93,"35,240.96",4.721,0.21942,8.08776,"34,194.24",2012,2/26/12,"4,227.90",29407,104,Type 2 Promo,201.89,982.77,5.94,2012-02-26,Company III,20,1,5.94,20.54,Category 1,Sub-channel C,60%,4,250.93,"35,240.96",2012,"92,008.22",0
"2,909.75",7.30682,-112.29,"21,261.03",4.38409,0.2205,7.52733,"22,747.89",2016,2/26/12,"3,022.04",29452,104,Type 2 Promo,"-1,133.90",641.61,-3.72,2012-02-26,Company III,20,1,-3.72,-176.73,Category 1,Sub-channel C,60%,4,-112.29,"21,261.03",2012,"-514,233.56",1
"4,302.30",7.80094,152,"33,561.98",4.68056,0.27588,8.07681,"33,521.23",2017,2/26/12,"4,150.30",29473,104,Type 2 Promo,-475.47,"1,186.90",3.66,2012-02-26,Company III,20,1,3.66,-40.06,Category 1,Sub-channel C,60%,4,152,"33,561.98",2012,"-172,349.46",0
"3,166.50",4.37306,178.55,"13,847.31",2.62384,1.08245,5.45552,"16,300.80",2019,2/26/12,"2,987.95",29495,104,Type 2 Promo,"-2,959.10","3,427.59",5.98,2012-02-26,Company III,20,1,5.98,-86.33,Category 1,Sub-channel C,60%,4,178.55,"13,847.31",2012,"-273,369.16",0
"7,365.63",7.93957,95.58,"58,479.89",4.76374,0.24621,8.18578,"59,510.94",2020,2/26/12,"7,270.04",29517,104,Type 2 Promo,"-1,358.14","1,813.48",1.31,2012-02-26,Company III,20,1,1.31,-74.89,Category 1,Sub-channel C,60%,4,95.58,"58,479.89",2012,"-551,621.96",1
"3,681.41",5.1695,"-1,129.33","19,031.03",3.1017,0.42723,5.59673,"26,924.36",2021,2/26/12,"4,810.73",29539,104,Type 2 Promo,"-5,075.63","1,572.80",-23.48,2012-02-26,Company III,20,1,-23.48,-322.71,Category 1,Sub-channel C,60%,4,"-1,129.33","19,031.03",2012,"-1,188,037.50",0
"3,525.91",7.98509,136.84,"28,154.71",4.79,0.33,8.31,"28,174.26",2033,2/26/12,"3,389.08",29736,104,Type 2 Promo,-501.52,"1,157.11",4.04,2012-02-26,Company III,20,1,4.04,-43.34,Category 1,Sub-channel C,60%,4,136.84,"28,154.71",2012,"-152,821.55",0
"3,428.80",8.10409,289.21,"27,787.35",4.86246,0.44419,8.54829,"26,838.17",2034,2/26/12,"3,139.60",29757,104,Type 2 Promo,-116.79,"1,523.05",9.21,2012-02-26,Company III,20,1,9.21,-7.67,Category 1,Sub-channel C,60%,4,289.21,"27,787.35",2012,"-26,292.98",0
"3,003.33",4.83255,80.33,"14,513.76",2.89953,0.91812,5.75067,"16,809.19",2036,2/26/12,"2,923.00",29789,104,Type 2 Promo,"-2,524.48","2,757.41",2.75,2012-02-26,Company III,20,1,2.75,-91.55,Category 1,Sub-channel C,60%,4,80.33,"14,513.76",2012,"-274,962.59",1
"3,732.77",8.32712,533.6,"31,083.19",4.99627,0.27521,8.60233,"27,520.31",2037,2/26/12,"3,199.17",29805,104,Type 2 Promo,"1,638.70","1,027.31",16.68,2012-02-26,Company III,20,1,16.68,159.51,Category 1,Sub-channel C,60%,4,533.6,"31,083.19",2012,"595,427.00",0
"3,056.14",7.94175,304.69,"24,271.06",4.76505,0.53854,8.48028,"23,333.05",2038,2/26/12,"2,751.45",29826,104,Type 2 Promo,-193.98,"1,645.84",11.07,2012-02-26,Company III,20,1,11.07,-11.79,Category 1,Sub-channel C,60%,4,304.69,"24,271.06",2012,"-36,019.90",0
"3,493.52",8.03044,146.48,"28,054.47",4.81826,0.41487,8.44531,"28,266.76",2039,2/26/12,"3,347.04",29845,104,Type 2 Promo,-743.58,"1,449.36",4.38,2012-02-26,Company III,20,1,4.38,-51.3,Category 1,Sub-channel C,60%,4,146.48,"28,054.47",2012,"-179,231.48",1
"4,919.57",8.26883,551.42,"40,679.11",4.9613,0.3351,8.60393,"37,583.29",2040,2/26/12,"4,368.15",29866,104,Type 2 Promo,"1,087.21","1,648.54",12.62,2012-02-26,Company III,20,1,12.62,65.95,Category 1,Sub-channel C,60%,4,551.42,"40,679.11",2012,"324,444.23",1
"1,862.07",7.75157,261.65,"14,433.93",4.65094,0.43622,8.18778,"13,103.87",2041,2/26/12,"1,600.42",29890,104,Type 2 Promo,404.65,812.26,16.35,2012-02-26,Company III,20,1,16.35,49.82,Category 1,Sub-channel C,60%,4,261.65,"14,433.93",2012,"92,763.40",1
"3,119.08",8.02001,275.54,"25,015.08",4.812,0.49165,8.51166,"24,203.26",2042,2/26/12,"2,843.54",29910,104,Type 2 Promo,-207.59,"1,533.50",9.69,2012-02-26,Company III,20,1,9.69,-13.54,Category 1,Sub-channel C,60%,4,275.54,"25,015.08",2012,"-42,222.65",1
"4,926.28",8.01031,399.84,"39,460.99",4.80618,0.47802,8.48833,"38,421.87",2044,2/26/12,"4,526.44",29947,104,Type 2 Promo,-433.15,"2,354.85",8.83,2012-02-26,Company III,20,1,8.83,-18.39,Category 1,Sub-channel C,60%,4,399.84,"39,460.99",2012,"-90,613.42",1
"2,877.38",8.26243,350.35,"23,774.11",4.95746,0.39147,8.65389,"21,868.60",2045,2/26/12,"2,527.02",29969,104,Type 2 Promo,610.46,"1,126.39",13.86,2012-02-26,Company III,20,1,13.86,54.2,Category 1,Sub-channel C,60%,4,350.35,"23,774.11",2012,"155,942.61",0
"7,346.05",7.80114,195.76,"57,307.56",4.68068,0.26972,8.07086,"57,709.02",2047,2/26/12,"7,150.29",29995,104,Type 2 Promo,"-1,065.12","1,981.40",2.74,2012-02-26,Company III,20,1,2.74,-53.76,Category 1,Sub-channel C,60%,4,195.76,"57,307.56",2012,"-394,892.59",1
"3,132.17",7.19603,566.83,"22,539.20",4.31762,0.58089,7.77691,"19,950.47",2048,2/26/12,"2,565.35",30017,104,Type 2 Promo,627.91,"1,819.44",22.1,2012-02-26,Company III,20,1,22.1,34.51,Category 1,Sub-channel C,60%,4,566.83,"22,539.20",2012,"108,093.98",0
"2,008.84",6.3054,213.2,"12,666.56",3.78324,0.33489,6.64029,"11,923.60",2136,2/26/12,"1,795.64",30607,104,Type 2 Promo,133.84,672.74,11.87,2012-02-26,Company III,20,1,11.87,19.89,Category 1,Sub-channel C,60%,4,213.2,"12,666.56",2012,"39,965.91",1
"1,735.79",6.05371,123.7,"10,507.98",3.63223,0.31519,6.3689,"10,267.24",2143,2/26/12,"1,612.09",30667,104,Type 2 Promo,-97.79,547.11,7.67,2012-02-26,Company III,20,1,7.67,-17.87,Category 1,Sub-channel C,60%,4,123.7,"10,507.98",2012,"-31,025.55",0
"3,991.94",6.5927,333.39,"26,317.63",3.95562,0.25828,6.85098,"25,064.61",2146,2/26/12,"3,658.54",30717,104,Type 2 Promo,287.73,"1,031.04",9.11,2012-02-26,Company III,20,1,9.11,27.91,Category 1,Sub-channel C,60%,4,333.39,"26,317.63",2012,"111,403.75",1
"2,422.73",6.2496,-39.61,"15,141.10",3.75,0.18,6.43,"15,841.98",2147,2/26/12,"2,462.34",30735,104,Type 2 Promo,-594.57,446.04,-1.61,2012-02-26,Company III,20,1,-1.61,-133.3,Category 1,Sub-channel C,60%,4,-39.61,"15,141.10",2012,"-322,950.72",0
"5,554.74",4.38437,"-1,209.73","24,354.07",2.63062,0.22736,4.61174,"31,195.97",2155,2/26/12,"6,764.47",30872,104,Type 2 Promo,"-4,445.29","1,262.95",-17.88,2012-02-26,Company III,20,1,-17.88,-351.98,Category 1,Sub-channel C,60%,4,"-1,209.73","24,354.07",2012,"-1,955,141.64",0
"2,487.00",9.4002,484.79,"23,378.27",5.64012,0.32355,9.72375,"19,469.01",2160,2/26/12,"2,002.21",30896,104,Type 2 Promo,"1,929.57",804.67,24.21,2012-02-26,Company III,20,1,24.21,239.8,Category 1,Sub-channel C,60%,4,484.79,"23,378.27",2012,"596,372.45",0
"1,161.18",10.86907,58.32,"12,620.94",6.52144,0.30298,11.17205,"12,321.22",2328,2/26/12,"1,102.86",32138,104,Type 2 Promo,28.51,351.81,5.29,2012-02-26,Company III,20,1,5.29,8.1,Category 1,Sub-channel C,60%,4,58.32,"12,620.94",2012,"9,410.02",1
637.44,11.94011,63.37,"7,611.12",7.16406,0.41356,12.35367,"7,091.89",2331,2/26/12,574.07,32173,104,Type 2 Promo,190.37,263.62,11.04,2012-02-26,Company III,20,1,11.04,72.21,Category 1,Sub-channel C,60%,4,63.37,"7,611.12",2012,"46,031.14",0
979.77,7.11725,85.83,"6,973.29",4.27035,0.188,7.30525,"6,530.46",1620,2/26/12,893.94,25379,104,Type 2 Promo,182.34,184.2,9.6,2012-02-26,Company III,22,1,9.6,98.99,Category 1,Sub-channel C,60%,4,85.83,"6,973.29",2012,"96,989.44",0
"8,588.02",7.65001,"1,730.31","65,698.38",4.59,0.43217,8.08218,"55,425.19",1621,2/26/12,"6,857.71",25400,104,Type 2 Promo,"4,230.65","3,711.48",25.23,2012-02-26,Company III,22,1,25.23,113.99,Category 1,Sub-channel C,60%,4,"1,730.31","65,698.38",2012,"978,932.26",0
"12,755.80",7.64562,"2,192.90","97,525.98",4.58737,0.27543,7.92105,"83,669.31",1622,2/26/12,"10,562.90",25421,104,Type 2 Promo,"6,546.26","3,513.37",20.76,2012-02-26,Company III,22,1,20.76,186.32,Category 1,Sub-channel C,60%,4,"2,192.90","97,525.98",2012,"2,376,711.01",0
"29,941.77",7.67396,"5,785.44","229,772.10",4.60438,0.34338,8.01735,"193,669.73",1657,2/26/12,"24,156.34",25582,104,Type 2 Promo,"16,356.86","10,281.48",23.95,2012-02-26,Company III,22,1,23.95,159.09,Category 1,Sub-channel C,60%,4,"5,785.44","229,772.10",2012,"4,763,453.87",1
"4,916.65",7.37226,"1,163.23","36,246.80",4.42335,0.55356,7.92582,"29,748.93",1667,2/26/12,"3,753.42",25656,104,Type 2 Promo,"2,423.70","2,721.67",30.99,2012-02-26,Company III,22,1,30.99,89.05,Category 1,Sub-channel C,60%,4,"1,163.23","36,246.80",2012,"437,838.17",1
"4,005.91",7.49392,975.2,"30,019.94",4.49635,0.42218,7.9161,"23,991.37",1671,2/26/12,"3,030.71",25690,104,Type 2 Promo,"2,693.63","1,691.22",32.18,2012-02-26,Company III,22,1,32.18,159.27,Category 1,Sub-channel C,60%,4,975.2,"30,019.94",2012,"638,025.90",1
"6,769.04",7.42294,"1,593.47","50,246.19",4.45376,0.51489,7.93783,"41,082.80",1683,2/26/12,"5,175.57",25753,104,Type 2 Promo,"3,611.65","3,485.28",30.79,2012-02-26,Company III,22,1,30.79,103.63,Category 1,Sub-channel C,60%,4,"1,593.47","50,246.19",2012,"701,446.80",1
"4,091.49",7.56057,381,"30,934.03",4.53634,0.19537,7.75594,"28,778.37",1684,2/26/12,"3,710.50",25775,104,Type 2 Promo,928.99,799.35,10.27,2012-02-26,Company III,22,1,10.27,116.22,Category 1,Sub-channel C,60%,4,381,"30,934.03",2012,"475,508.03",1
"2,036.83",7.46388,512.44,"15,202.65",4.47833,0.25152,7.7154,"11,761.28",1685,2/26/12,"1,524.39",25805,104,Type 2 Promo,"1,782.56",512.31,33.62,2012-02-26,Company III,22,1,33.62,347.94,Category 1,Sub-channel C,60%,4,512.44,"15,202.65",2012,"708,702.96",1
"7,537.39",7.85184,"1,466.86","59,182.39",4.71111,0.40653,8.25838,"50,132.73",1687,2/26/12,"6,070.53",25818,104,Type 2 Promo,"3,846.32","3,064.21",24.16,2012-02-26,Company III,22,1,24.16,125.52,Category 1,Sub-channel C,60%,4,"1,466.86","59,182.39",2012,"946,121.81",0
"12,102.37",7.57467,"2,504.97","91,671.39",4.5448,0.3584,7.93307,"76,136.78",1692,2/26/12,"9,597.39",25863,104,Type 2 Promo,"7,047.08","4,337.53",26.1,2012-02-26,Company III,22,1,26.1,162.47,Category 1,Sub-channel C,60%,4,"2,504.97","91,671.39",2012,"1,966,243.94",1
"12,134.52",7.65966,"2,334.56","92,946.32",4.5958,0.31516,7.97482,"78,152.89",1694,2/26/12,"9,799.96",25888,104,Type 2 Promo,"6,904.90","3,824.27",23.82,2012-02-26,Company III,22,1,23.82,180.55,Category 1,Sub-channel C,60%,4,"2,334.56","92,946.32",2012,"2,190,941.17",1
"1,577.31",7.32235,222.3,"11,549.60",4.39341,0.21162,7.53397,"10,208.56",1698,2/26/12,"1,355.00",25931,104,Type 2 Promo,642.88,333.79,16.41,2012-02-26,Company III,22,1,16.41,192.6,Category 1,Sub-channel C,60%,4,222.3,"11,549.60",2012,"303,789.48",0
"18,517.99",7.6538,"2,992.97","141,732.96",4.59228,0.31385,7.96765,"123,697.88",1706,2/26/12,"15,525.02",25983,104,Type 2 Promo,"7,932.71","5,811.83",19.28,2012-02-26,Company III,22,1,19.28,136.49,Category 1,Sub-channel C,60%,4,"2,992.97","141,732.96",2012,"2,527,563.68",1
"12,903.56",7.63413,"1,864.61","98,507.45",4.58048,0.31289,7.94702,"87,726.73",1714,2/26/12,"11,038.95",26041,104,Type 2 Promo,"4,503.42","4,037.39",16.89,2012-02-26,Company III,22,1,16.89,111.54,Category 1,Sub-channel C,60%,4,"1,864.61","98,507.45",2012,"1,439,299.93",1
647.29,7.24514,141.13,"4,689.69",4.34708,0.4771,7.72224,"3,908.64",1717,2/26/12,506.15,26068,104,Type 2 Promo,304.7,308.82,27.88,2012-02-26,Company III,22,1,27.88,98.67,Category 1,Sub-channel C,60%,4,141.13,"4,689.69",2012,"63,864.82",1
"8,587.04",7.55636,"1,785.00","64,886.78",4.53382,0.34244,7.8988,"53,727.92",1721,2/26/12,"6,802.04",26103,104,Type 2 Promo,"5,152.35","2,940.52",26.24,2012-02-26,Company III,22,1,26.24,175.22,Category 1,Sub-channel C,60%,4,"1,785.00","64,886.78",2012,"1,504,612.90",0
"14,768.99",7.64417,"2,940.85","112,896.71",4.5865,0.28133,7.92551,"93,743.97",1736,2/26/12,"11,828.14",26191,104,Type 2 Promo,"9,333.25","4,154.96",24.86,2012-02-26,Company III,22,1,24.86,224.63,Category 1,Sub-channel C,60%,4,"2,940.85","112,896.71",2012,"3,317,541.28",1
"20,633.39",7.64626,"3,684.22","157,768.31",4.58776,0.32157,7.96783,"135,048.15",1745,2/26/12,"16,949.18",26258,104,Type 2 Promo,"10,267.24","6,635.05",21.74,2012-02-26,Company III,22,1,21.74,154.74,Category 1,Sub-channel C,60%,4,"3,684.22","157,768.31",2012,"3,192,860.84",0
"9,671.07",7.62008,"1,902.31","73,694.29",4.57205,0.3758,7.99587,"62,118.00",1749,2/26/12,"7,768.76",26292,104,Type 2 Promo,"5,063.10","3,634.37",24.49,2012-02-26,Company III,22,1,24.49,139.31,Category 1,Sub-channel C,60%,4,"1,902.31","73,694.29",2012,"1,347,292.15",1
"13,789.37",7.60253,"2,968.04","104,834.09",4.56152,0.38125,7.98378,"86,395.10",1752,2/26/12,"10,821.33",26329,104,Type 2 Promo,"8,281.58","5,257.19",27.43,2012-02-26,Company III,22,1,27.43,157.53,Category 1,Sub-channel C,60%,4,"2,968.04","104,834.09",2012,"2,172,221.43",0
"1,610.41",7.32345,213.72,"11,793.76",4.39407,0.5664,7.88985,"11,019.64",1756,2/26/12,"1,396.69",26357,104,Type 2 Promo,26.98,912.14,15.3,2012-02-26,Company III,22,1,15.3,2.96,Category 1,Sub-channel C,60%,4,213.72,"11,793.76",2012,"4,763.58",0
"9,528.24",7.44166,"2,316.80","70,905.92",4.465,0.37946,7.82112,"56,401.48",1757,2/26/12,"7,211.44",26388,104,Type 2 Promo,"6,728.96","3,615.55",32.13,2012-02-26,Company III,22,1,32.13,186.11,Category 1,Sub-channel C,60%,4,"2,316.80","70,905.92",2012,"1,773,315.97",0
"7,190.96",7.60148,"1,702.55","54,661.91",4.56089,0.45417,8.05565,"44,212.74",1764,2/26/12,"5,488.41",26466,104,Type 2 Promo,"4,499.17","3,265.95",31.02,2012-02-26,Company III,22,1,31.02,137.76,Category 1,Sub-channel C,60%,4,"1,702.55","54,661.91",2012,"990,624.56",1
"15,206.73",7.60801,"3,019.35","115,692.90",4.5648,0.39098,7.99898,"97,486.66",1768,2/26/12,"12,187.38",26516,104,Type 2 Promo,"7,837.27","5,945.45",24.77,2012-02-26,Company III,22,1,24.77,131.82,Category 1,Sub-channel C,60%,4,"3,019.35","115,692.90",2012,"2,004,544.02",0
"23,975.87",7.69768,"4,543.84","184,558.60",4.61861,0.29447,7.99215,"155,303.67",1771,2/26/12,"19,432.03",26558,104,Type 2 Promo,"13,926.10","7,060.13",23.38,2012-02-26,Company III,22,1,23.38,197.25,Category 1,Sub-channel C,60%,4,"4,543.84","184,558.60",2012,"4,729,240.74",0
"23,530.62",7.68265,"4,313.23","180,777.39",4.60959,0.31664,7.99929,"153,725.39",1776,2/26/12,"19,217.38",26599,104,Type 2 Promo,"12,431.42","7,450.80",22.44,2012-02-26,Company III,22,1,22.44,166.85,Category 1,Sub-channel C,60%,4,"4,313.23","180,777.39",2012,"3,926,007.11",1
"19,655.40",7.6269,"4,068.33","149,909.76",4.57614,0.35775,7.98465,"124,457.29",1779,2/26/12,"15,587.06",26644,104,Type 2 Promo,"11,585.50","7,031.76",26.1,2012-02-26,Company III,22,1,26.1,164.76,Category 1,Sub-channel C,60%,4,"4,068.33","149,909.76",2012,"3,238,414.53",0
"6,604.20",7.47813,"1,449.74","49,387.10",4.48688,0.27011,7.74825,"39,938.01",1790,2/26/12,"5,154.46",26702,104,Type 2 Promo,"4,720.95","1,783.88",28.13,2012-02-26,Company III,22,1,28.13,264.65,Category 1,Sub-channel C,60%,4,"1,449.74","49,387.10",2012,"1,747,772.32",1
636.25,7.55864,104,"4,809.19",4.53518,0.40243,7.96106,"4,237.27",1792,2/26/12,532.25,26745,104,Type 2 Promo,215.62,256.05,19.54,2012-02-26,Company III,22,1,19.54,84.21,Category 1,Sub-channel C,60%,4,104,"4,809.19",2012,"53,580.64",1
"8,490.97",7.70331,"1,403.31","65,408.61",4.62199,0.3828,8.08612,"57,311.65",1793,2/26/12,"7,087.66",26772,104,Type 2 Promo,"3,235.72","3,250.36",19.8,2012-02-26,Company III,22,1,19.8,99.55,Category 1,Sub-channel C,60%,4,"1,403.31","65,408.61",2012,"845,271.49",0
"2,436.53",7.08647,483.58,"17,266.37",4.25188,0.76073,7.84719,"15,325.19",1796,2/26/12,"1,952.95",26799,104,Type 2 Promo,202.57,"1,853.53",24.76,2012-02-26,Company III,22,1,24.76,10.93,Category 1,Sub-channel C,60%,4,483.58,"17,266.37",2012,"26,629.03",0
"1,193.14",5.26393,249,"6,280.60",3.15836,1.09437,6.35829,"6,003.13",1798,2/26/12,944.14,26841,104,Type 2 Promo,-519.3,"1,305.73",26.37,2012-02-26,Company III,22,1,26.37,-39.77,Category 1,Sub-channel C,60%,4,249,"6,280.60",2012,"-47,452.51",0
"4,223.51",6.45198,"1,003.49","27,250.00",3.87119,0.50504,6.95702,"22,401.74",1799,2/26/12,"3,220.02",26855,104,Type 2 Promo,"1,751.67","2,133.03",31.16,2012-02-26,Company III,22,1,31.16,82.12,Category 1,Sub-channel C,60%,4,"1,003.49","27,250.00",2012,"346,839.09",1
"3,480.57",6.25394,247.9,"21,767.29",3.75236,0.48051,6.73445,"21,770.28",1803,2/26/12,"3,232.67",26911,104,Type 2 Promo,-742.25,"1,672.46",7.67,2012-02-26,Company III,22,1,7.67,-44.38,Category 1,Sub-channel C,60%,4,247.9,"21,767.29",2012,"-154,470.22",0
"1,827.08",6.51362,147.09,"11,900.92",3.90817,0.76317,7.27679,"12,224.99",1805,2/26/12,"1,680.00",26946,104,Type 2 Promo,-819.54,"1,394.38",8.76,2012-02-26,Company III,22,1,8.76,-58.77,Category 1,Sub-channel C,60%,4,147.09,"11,900.92",2012,"-107,386.03",1
"2,488.17",6.39389,183.29,"15,909.07",3.83633,0.76606,7.15995,"16,502.78",1807,2/26/12,"2,304.87",26973,104,Type 2 Promo,"-1,202.92","1,906.09",7.95,2012-02-26,Company III,22,1,7.95,-63.11,Category 1,Sub-channel C,60%,4,183.29,"15,909.07",2012,"-157,025.63",1
"3,117.24",7.06052,756.41,"22,009.34",4.23631,0.81791,7.87843,"18,599.65",1809,2/26/12,"2,360.83",26996,104,Type 2 Promo,654.76,"2,549.62",32.04,2012-02-26,Company III,22,1,32.04,25.68,Category 1,Sub-channel C,60%,4,756.41,"22,009.34",2012,"80,053.12",0
"5,817.09",6.95804,"1,172.43","40,475.57",4.17483,0.51215,7.47019,"34,696.52",1810,2/26/12,"4,644.66",27013,104,Type 2 Promo,"1,915.47","2,979.20",25.24,2012-02-26,Company III,22,1,25.24,64.29,Category 1,Sub-channel C,60%,4,"1,172.43","40,475.57",2012,"374,008.67",1
"5,519.96",6.78082,"1,080.19","37,429.85",4.06849,0.64976,7.43059,"32,990.09",1811,2/26/12,"4,439.77",27036,104,Type 2 Promo,808.08,"3,586.66",24.33,2012-02-26,Company III,22,1,24.33,22.53,Category 1,Sub-channel C,60%,4,"1,080.19","37,429.85",2012,"124,365.15",0
"4,147.82",6.95075,"1,069.86","28,830.47",4.17045,0.67373,7.62448,"23,467.85",1812,2/26/12,"3,077.96",27048,104,Type 2 Promo,"1,667.30","2,794.49",34.76,2012-02-26,Company III,22,1,34.76,59.66,Category 1,Sub-channel C,60%,4,"1,069.86","28,830.47",2012,"247,474.53",1
"5,346.42",6.81458,891.14,"36,433.57",4.08875,0.53769,7.35226,"32,756.39",1813,2/26/12,"4,455.28",27067,104,Type 2 Promo,768.94,"2,874.70",20,2012-02-26,Company III,22,1,20,26.75,Category 1,Sub-channel C,60%,4,891.14,"36,433.57",2012,"143,008.06",0
301.49,8.51398,11.97,"2,566.89",5.10839,1.19093,9.70491,"2,809.77",1826,2/26/12,289.52,27166,104,Type 2 Promo,-297.9,359.06,4.14,2012-02-26,Company III,23,1,4.14,-82.97,Category 1,Sub-channel C,60%,4,11.97,"2,566.89",2012,"-25,014.06",1
"6,123.58",8.54095,268,"52,301.15",5.12457,0.25936,8.8003,"51,530.85",1832,2/26/12,"5,855.58",27200,104,Type 2 Promo,-214.8,"1,588.19",4.58,2012-02-26,Company III,23,1,4.58,-13.52,Category 1,Sub-channel C,60%,4,268,"52,301.15",2012,"-82,820.23",0
837.09,8.31266,109.36,"6,958.43",4.98759,0.45442,8.76708,"6,380.03",1844,2/26/12,727.73,27331,104,Type 2 Promo,165.06,380.39,15.03,2012-02-26,Company III,23,1,15.03,43.39,Category 1,Sub-channel C,60%,4,109.36,"6,958.43",2012,"36,324.09",1
"4,293.75",8.57741,404.85,"36,829.24",5.14645,0.30592,8.88334,"34,546.35",1848,2/26/12,"3,888.89",27406,104,Type 2 Promo,770,"1,313.56",10.41,2012-02-26,Company III,23,1,10.41,58.62,Category 1,Sub-channel C,60%,4,404.85,"36,829.24",2012,"251,695.09",0
"7,936.01",8.54294,205.58,"67,796.84",5.12576,0.24243,8.78536,"67,914.65",1849,2/26/12,"7,730.43",27418,104,Type 2 Promo,-870.15,"1,923.89",2.66,2012-02-26,Company III,23,1,2.66,-45.23,Category 1,Sub-channel C,60%,4,205.58,"67,796.84",2012,"-358,933.57",1
"1,591.08",8.05836,348.16,"12,821.46",4.83501,0.75399,8.81235,"10,952.99",1861,2/26/12,"1,242.91",27512,104,Type 2 Promo,483.71,"1,199.66",28.01,2012-02-26,Company III,23,1,28.01,40.32,Category 1,Sub-channel C,60%,4,348.16,"12,821.46",2012,"64,153.44",1
502.14,7.5472,74.95,"3,789.77",4.52832,0.61497,8.16217,"3,486.81",1863,2/26/12,427.19,27561,104,Type 2 Promo,30.6,308.8,17.55,2012-02-26,Company III,23,1,17.55,9.91,Category 1,Sub-channel C,60%,4,74.95,"3,789.77",2012,"4,975.78",0
"1,688.67",8.17837,-17.34,"13,810.59",4.90702,0.28826,8.46663,"14,444.15",1864,2/26/12,"1,706.01",27577,104,Type 2 Promo,-571.85,486.77,-1.02,2012-02-26,Company III,23,1,-1.02,-117.48,Category 1,Sub-channel C,60%,4,-17.34,"13,810.59",2012,"-198,381.94",1
"3,559.30",8.71225,823.16,"31,009.52",5.22735,0.42768,9.13993,"25,008.11",1874,2/26/12,"2,736.14",27707,104,Type 2 Promo,"2,780.72","1,522.25",30.08,2012-02-26,Company III,23,1,30.08,182.67,Category 1,Sub-channel C,60%,4,823.16,"31,009.52",2012,"650,182.60",0
"1,167.49",8.06628,167.18,"9,417.27",4.83977,0.92509,8.99136,"8,994.11",1875,2/26/12,"1,000.31",27732,104,Type 2 Promo,-270.91,"1,080.02",16.71,2012-02-26,Company III,23,1,16.71,-25.08,Category 1,Sub-channel C,60%,4,167.18,"9,417.27",2012,"-29,284.48",1
"2,423.13",8.73039,546.43,"21,154.83",5.23823,0.44402,9.1744,"17,217.60",1876,2/26/12,"1,876.70",27748,104,Type 2 Promo,"1,786.40","1,075.91",29.12,2012-02-26,Company III,23,1,29.12,166.04,Category 1,Sub-channel C,60%,4,546.43,"21,154.83",2012,"402,327.87",0
"3,029.77",8.18636,272.39,"24,802.84",4.91182,0.31638,8.50274,"23,445.36",1882,2/26/12,"2,757.39",27812,104,Type 2 Promo,379.36,958.55,9.88,2012-02-26,Company III,23,1,9.88,39.58,Category 1,Sub-channel C,60%,4,272.39,"24,802.84",2012,"119,907.97",0
"6,637.31",8.92541,"1,081.55","59,240.69",5.35525,0.29207,9.21748,"51,210.13",1883,2/26/12,"5,555.76",27819,104,Type 2 Promo,"3,853.37","1,938.58",19.47,2012-02-26,Company III,23,1,19.47,198.77,Category 1,Sub-channel C,60%,4,"1,081.55","59,240.69",2012,"1,319,315.44",1
"3,177.66",8.56863,657.52,"27,228.18",5.14118,0.29518,8.8638,"22,338.03",1897,2/26/12,"2,520.14",27892,104,Type 2 Promo,"2,442.46",937.97,26.09,2012-02-26,Company III,23,1,26.09,260.4,Category 1,Sub-channel C,60%,4,657.52,"27,228.18",2012,"827,454.72",0
"3,773.91",7.83583,374.5,"29,571.67",4.7015,0.40911,8.24494,"28,027.87",2227,2/26/12,"3,399.40",31448,104,Type 2 Promo,216.76,"1,543.96",11.02,2012-02-26,Company III,25,1,11.02,14.04,Category 1,Sub-channel C,60%,4,374.5,"29,571.67",2012,"52,983.83",1
"2,292.44",8.02027,-122.38,"18,385.96",4.81216,0.26136,8.28163,"19,998.58",2254,2/26/12,"2,414.81",31618,104,Type 2 Promo,"-1,188.05",599.16,-5.07,2012-02-26,Company III,25,1,-5.07,-198.29,Category 1,Sub-channel C,60%,4,-122.38,"18,385.96",2012,"-454,558.72",0
"6,947.95",8.19502,621.45,"56,938.62",4.91701,0.21521,8.41023,"53,207.32",2325,2/26/12,"6,326.50",32103,104,Type 2 Promo,"1,560.44","1,495.25",9.82,2012-02-26,Company III,25,1,9.82,104.36,Category 1,Sub-channel C,60%,4,621.45,"56,938.62",2012,"725,086.80",0
"7,516.88",10.77479,"2,758.89","80,992.77",6.46487,2.65965,13.43444,"63,920.84",1586,2/26/12,"4,757.98",42145,104,Type 2 Promo,"-2,156.35","19,992.24",57.98,2012-02-26,Company III,20,1,57.98,-10.79,Category 1,Sub-channel D,60%,4,"2,758.89","80,992.77",2012,"-81,076.47",1
"16,591.27",12.87783,"3,426.19","213,659.57",7.7267,1.22863,14.10646,"185,712.66",1587,2/26/12,"13,165.08",42169,104,Type 2 Promo,"6,088.63","20,384.50",26.02,2012-02-26,Company III,20,1,26.02,29.87,Category 1,Sub-channel D,60%,4,"3,426.19","213,659.57",2012,"495,563.31",0
"7,158.70",24.54237,"1,162.14","175,691.38",14.72542,2.85306,27.39543,"164,278.32",1596,2/26/12,"5,996.56",42280,104,Type 2 Promo,"-3,311.23","20,424.19",19.38,2012-02-26,Company III,20,1,19.38,-16.21,Category 1,Sub-channel D,60%,4,"1,162.14","175,691.38",2012,"-116,058.82",1
"7,845.74",27.64144,"1,012.90","216,867.55",16.58487,1.75213,29.39358,"200,841.61",1607,2/26/12,"6,832.84",42333,104,Type 2 Promo,"3,052.01","13,746.79",14.82,2012-02-26,Company III,20,1,14.82,22.2,Category 1,Sub-channel D,60%,4,"1,012.90","216,867.55",2012,"174,187.90",0
"1,730.40",51.1733,38.4,"88,550.27",30.70398,2.29154,53.46484,"90,462.52",1610,2/26/12,"1,692.00",42375,104,Type 2 Promo,"-2,786.26","3,965.28",2.27,2012-02-26,Company III,20,1,2.27,-70.27,Category 1,Sub-channel D,60%,4,38.4,"88,550.27",2012,"-121,588.73",0
"8,097.35",18.08394,622.87,"146,431.95",10.85037,1.4676,19.55155,"146,137.68",2001,2/26/12,"7,474.48",46353,104,Type 2 Promo,"-5,125.39","11,883.70",8.33,2012-02-26,Company III,20,1,8.33,-43.13,Category 1,Sub-channel D,60%,4,622.87,"146,431.95",2012,"-349,234.88",0
"11,804.32",18.23527,858.09,"215,254.91",10.94116,0.84288,19.07815,"208,833.72",2007,2/26/12,"10,946.22",46462,104,Type 2 Promo,-561.11,"9,949.65",7.84,2012-02-26,Company III,20,1,7.84,-5.64,Category 1,Sub-channel D,60%,4,858.09,"215,254.91",2012,"-66,570.43",0
"10,788.65",17.92443,"1,784.29","193,380.44",10.75466,1.88811,19.81254,"178,399.40",2012,2/26/12,"9,004.37",46535,104,Type 2 Promo,"-1,180.82","20,370.20",19.82,2012-02-26,Company III,20,1,19.82,-5.8,Category 1,Sub-channel D,60%,4,"1,784.29","193,380.44",2012,"-62,539.54",0
"8,212.73",19.02869,151.47,"156,277.45",11.41722,0.73126,19.75996,"159,290.10",2017,2/26/12,"8,061.26",46599,104,Type 2 Promo,"-4,276.31","6,005.67",1.88,2012-02-26,Company III,20,1,1.88,-71.2,Category 1,Sub-channel D,60%,4,151.47,"156,277.45",2012,"-584,783.97",0
"11,298.99",13.20549,950.57,"149,208.70",7.92329,0.9672,14.17269,"146,664.91",2026,2/26/12,"10,348.42",46755,104,Type 2 Promo,"-3,396.72","10,928.39",9.19,2012-02-26,Company III,20,1,9.19,-31.08,Category 1,Sub-channel D,60%,4,950.57,"149,208.70",2012,"-351,191.07",0
"13,300.51",18.4182,576.5,"244,971.56",11.05092,1.10733,19.52553,"248,443.09",2047,2/26/12,"12,724.01",46884,104,Type 2 Promo,"-8,357.14","14,728.00",4.53,2012-02-26,Company III,20,1,4.53,-56.74,Category 1,Sub-channel D,60%,4,576.5,"244,971.56",2012,"-754,714.04",1
"7,451.87",15.0573,465.8,"112,205.15",9.03438,0.91012,15.96743,"111,549.60",2052,2/26/12,"6,986.07",46932,104,Type 2 Promo,"-2,573.89","6,782.13",6.67,2012-02-26,Company III,20,1,6.67,-37.95,Category 1,Sub-channel D,60%,4,465.8,"112,205.15",2012,"-282,806.30",0
"6,573.92",25.96781,726.86,"170,710.31",15.58069,1.33551,27.30332,"159,644.04",2330,2/26/12,"5,847.06",49394,104,Type 2 Promo,"2,545.52","8,779.51",12.43,2012-02-26,Company III,20,1,12.43,28.99,Category 1,Sub-channel D,60%,4,726.86,"170,710.31",2012,"190,603.28",0
"21,313.99",16.17171,"6,093.39","344,683.61",9.70302,2.59324,18.76495,"285,613.75",1906,2/26/12,"15,220.60",45188,104,Type 2 Promo,"3,852.04","55,272.28",40.03,2012-02-26,Company III,20,1,40.03,6.97,Category 1,Sub-channel D,60%,9.27,"6,093.39","344,683.61",2012,"148,541.44",1
"19,062.29",20.39613,"4,025.06","388,796.89",12.23768,2.72008,23.11621,"347,603.65",1907,2/26/12,"15,037.22",45213,104,Type 2 Promo,"-2,593.56","51,850.99",26.77,2012-02-26,Company III,20,1,26.77,-5,Category 1,Sub-channel D,60%,11.7,"4,025.06","388,796.89",2012,"-95,348.47",0
"20,209.87",14.39002,"6,642.37","290,820.39",8.63401,1.49477,15.88479,"215,516.80",1621,2/26/12,"13,567.49",42452,104,Type 2 Promo,"27,141.19","30,209.15",48.96,2012-02-26,Company III,22,1,48.96,89.84,Category 1,Sub-channel D,60%,4,"6,642.37","290,820.39",2012,"1,815,741.13",0
"10,464.68",11.60211,"-2,631.49","121,412.30",6.96126,0.83245,12.43456,"162,845.11",1671,2/26/12,"13,096.17",42781,104,Type 2 Promo,"-27,029.87","8,711.37",-20.09,2012-02-26,Company III,22,1,-20.09,-310.28,Category 1,Sub-channel D,60%,4,"-2,631.49","121,412.30",2012,"-3,247,007.96",0
"17,687.45",18.5778,"3,560.44","328,593.95",11.14668,0.93997,19.51777,"275,727.64",1687,2/26/12,"14,127.00",42946,104,Type 2 Promo,"23,061.50","16,625.65",25.2,2012-02-26,Company III,22,1,25.2,138.71,Category 1,Sub-channel D,60%,4,"3,560.44","328,593.95",2012,"2,453,432.76",1